{
  "Herramientas__BaselineHybrid": {
    "mae": 6.714285714285714,
    "rmse": 7.7182529481371995,
    "r2": -0.17796610169491522
  },
  "Herramientas__RandomForest": {
    "mae": 6.225714285714285,
    "rmse": 7.123751018349012,
    "r2": -0.003488135593220587
  },
  "Ocio__BaselineHybrid": {
    "mae": 43.26020408163265,
    "rmse": 51.97155068345525,
    "r2": -2.232892649713971
  },
  "Ocio__RandomForest": {
    "mae": 32.67285714285714,
    "rmse": 42.201022884809724,
    "r2": -0.3878644389726291
  },
  "Productividad__BaselineHybrid": {
    "mae": 95.52551020408163,
    "rmse": 107.27656590275022,
    "r2": -0.10921450368263558
  },
  "Productividad__RandomForest": {
    "mae": 100.72964285714286,
    "rmse": 109.42823423924341,
    "r2": -0.14085188833471735
  },
  "Redes Sociales__BaselineHybrid": {
    "mae": 18.26530612244898,
    "rmse": 22.530002491942913,
    "r2": -0.14843643849132748
  },
  "Redes Sociales__RandomForest": {
    "mae": 23.152857142857144,
    "rmse": 28.622004353646304,
    "r2": -1.1828710558711348
  },
  "Sin categor\u00eda__BaselineHybrid": {
    "mae": 14.996598639455783,
    "rmse": 17.731848550405488,
    "r2": -36.166021190227596
  },
  "Sin categor\u00eda__RandomForest": {
    "mae": 10.85142857142857,
    "rmse": 13.675012523331551,
    "r2": -6.733845052749513
  },
  "Trabajo__BaselineHybrid": {
    "mae": 27.64030612244898,
    "rmse": 32.801098115387404,
    "r2": -0.3394510414187857
  },
  "Trabajo__RandomForest": {
    "mae": 34.557857142857145,
    "rmse": 41.040138140707384,
    "r2": -1.0222528216854287
  }
}