{
  "usuario_id": 1,
  "hist_days": 30,
  "hist_requested": 40,
  "holdout_days": 7,
  "timestamp": "2025-09-09",
  "rows_train": 111,
  "rows_test": 34,
  "baselines": {
    "naive": {
      "MAE": 37.970588235294116,
      "RMSE": 61.26053330796648,
      "sMAPE": 59.03350978007084
    },
    "MA7": {
      "MAE": 29.289915966386552,
      "RMSE": 41.543458493214445,
      "sMAPE": 50.67390260031117
    }
  },
  "rf": {
    "MAE": 34.62406862745098,
    "RMSE": 48.6615143332581,
    "sMAPE": 56.20669130190843
  }
}