{
  "usuario_id": 1,
  "hist_days": 22,
  "hist_requested": 45,
  "holdout_days": 7,
  "timestamp": "2025-09-22",
  "rows_train": 71,
  "rows_test": 34,
  "baselines": {
    "naive": {
      "MAE": 37.970588235294116,
      "RMSE": 61.26053330796648,
      "sMAPE": 59.03350978007084
    },
    "MA7": {
      "MAE": 29.289915966386552,
      "RMSE": 41.543458493214445,
      "sMAPE": 50.67390260031117
    }
  },
  "rf": {
    "MAE": 37.026397058823534,
    "RMSE": 53.943715351457925,
    "sMAPE": 57.57856125632769
  }
}