{
  "usuario_id": 1,
  "mode": "rf",
  "hist_days": 45,
  "hist_requested": 90,
  "holdout_days": 7,
  "timestamp": "2025-09-26",
  "rows_train": 195,
  "rows_test": 26,
  "baselines": {
    "naive": {
      "MAE": 42.42307692307692,
      "RMSE": 63.12655177072116,
      "sMAPE": 47.12248450315444
    },
    "MA7": {
      "MAE": 42.76373626373626,
      "RMSE": 67.65843085163979,
      "sMAPE": 46.12531549421694
    }
  },
  "rf": {
    "MAE": 36.721153846153854,
    "RMSE": 54.88578260543926,
    "sMAPE": 43.71211509291841
  }
}