{
  "usuario_id": 1,
  "hist_days": 32,
  "holdout_days": 7,
  "timestamp": "2025-09-04",
  "rows_train": 124,
  "rows_test": 34,
  "baselines": {
    "naive": {
      "MAE": 37.970588235294116,
      "RMSE": 61.26053330796648,
      "sMAPE": 118.06701956014167
    },
    "MA7": {
      "MAE": 29.289915966386552,
      "RMSE": 41.543458493214445,
      "sMAPE": 101.34780520062235
    }
  },
  "rf": {
    "MAE": 34.83279411764706,
    "RMSE": 46.47955054771557,
    "sMAPE": 116.70270096885851
  }
}